Workbook

Sheet Resumen
B2: Uber · Viaje a Los Ángeles
B4: Personas | C4: 5 | E4: Los valores en amarillo se pueden cambiar. En la hoja Viajes, cargá el precio real en la columna amarilla.
B5: Colchón por tarifa dinámica | C5: 0.2
B6: Gasto por día libre | C6: 149 | E6: Día libre típico: 2 lugares = 3 Ubers de unos 10 km (≈ US$ 50 cada uno). Escribí otro monto para cambiarlo.
B8: Fecha | C8: Día | D8: Ubers | E8: Total USD | F8: Por persona USD
B9: 46318 | C9: Viernes · Llegada | D9: =COUNTIFS(Viajes!$A$2:$A$26,B9,Viajes!$E$2:$E$26,"Uber*") | E9: =SUMIFS(Viajes!$P$2:$P$26,Viajes!$A$2:$A$26,B9) | F9: =E9/$C$4
B10: 46319 | C10: Sábado · Libre | D10: =COUNTIFS(Viajes!$A$2:$A$26,B10,Viajes!$E$2:$E$26,"Uber*") | E10: =IF(D10=0,$C$6,SUMIFS(Viajes!$P$2:$P$26,Viajes!$A$2:$A$26,B10)) | F10: =E10/$C$4
B11: 46320 | C11: Domingo · Libre | D11: =COUNTIFS(Viajes!$A$2:$A$26,B11,Viajes!$E$2:$E$26,"Uber*") | E11: =IF(D11=0,$C$6,SUMIFS(Viajes!$P$2:$P$26,Viajes!$A$2:$A$26,B11)) | F11: =E11/$C$4
B12: 46321 | C12: Lunes · Día 1 | D12: =COUNTIFS(Viajes!$A$2:$A$26,B12,Viajes!$E$2:$E$26,"Uber*") | E12: =SUMIFS(Viajes!$P$2:$P$26,Viajes!$A$2:$A$26,B12) | F12: =E12/$C$4
B13: 46322 | C13: Martes · Día 2 | D13: =COUNTIFS(Viajes!$A$2:$A$26,B13,Viajes!$E$2:$E$26,"Uber*") | E13: =SUMIFS(Viajes!$P$2:$P$26,Viajes!$A$2:$A$26,B13) | F13: =E13/$C$4
B14: 46323 | C14: Miércoles · Día 3 | D14: =COUNTIFS(Viajes!$A$2:$A$26,B14,Viajes!$E$2:$E$26,"Uber*") | E14: =SUMIFS(Viajes!$P$2:$P$26,Viajes!$A$2:$A$26,B14) | F14: =E14/$C$4
B15: 46324 | C15: Jueves · Día 4 | D15: =COUNTIFS(Viajes!$A$2:$A$26,B15,Viajes!$E$2:$E$26,"Uber*") | E15: =SUMIFS(Viajes!$P$2:$P$26,Viajes!$A$2:$A$26,B15) | F15: =E15/$C$4
B16: 46325 | C16: Viernes · Día 5 | D16: =COUNTIFS(Viajes!$A$2:$A$26,B16,Viajes!$E$2:$E$26,"Uber*") | E16: =SUMIFS(Viajes!$P$2:$P$26,Viajes!$A$2:$A$26,B16) | F16: =E16/$C$4
B17: 46326 | C17: Sábado · Día 6 | D17: =COUNTIFS(Viajes!$A$2:$A$26,B17,Viajes!$E$2:$E$26,"Uber*") | E17: =SUMIFS(Viajes!$P$2:$P$26,Viajes!$A$2:$A$26,B17) | F17: =E17/$C$4
B18: 46327 | C18: Domingo · Libre | D18: =COUNTIFS(Viajes!$A$2:$A$26,B18,Viajes!$E$2:$E$26,"Uber*") | E18: =IF(D18=0,$C$6,SUMIFS(Viajes!$P$2:$P$26,Viajes!$A$2:$A$26,B18)) | F18: =E18/$C$4
B19: 46328 | C19: Lunes · Libre | D19: =COUNTIFS(Viajes!$A$2:$A$26,B19,Viajes!$E$2:$E$26,"Uber*") | E19: =IF(D19=0,$C$6,SUMIFS(Viajes!$P$2:$P$26,Viajes!$A$2:$A$26,B19)) | F19: =E19/$C$4
B20: 46329 | C20: Martes · Libre | D20: =COUNTIFS(Viajes!$A$2:$A$26,B20,Viajes!$E$2:$E$26,"Uber*") | E20: =IF(D20=0,$C$6,SUMIFS(Viajes!$P$2:$P$26,Viajes!$A$2:$A$26,B20)) | F20: =E20/$C$4
B21: 46330 | C21: Miércoles · Libre | D21: =COUNTIFS(Viajes!$A$2:$A$26,B21,Viajes!$E$2:$E$26,"Uber*") | E21: =IF(D21=0,$C$6,SUMIFS(Viajes!$P$2:$P$26,Viajes!$A$2:$A$26,B21)) | F21: =E21/$C$4
B22: 46331 | C22: Jueves · Vuelta | D22: =COUNTIFS(Viajes!$A$2:$A$26,B22,Viajes!$E$2:$E$26,"Uber*") | E22: =SUMIFS(Viajes!$P$2:$P$26,Viajes!$A$2:$A$26,B22) | F22: =E22/$C$4
C23: Total del viaje | D23: =SUM(D9:D22) | E23: =SUM(E9:E22) | F23: =E23/$C$4
C24: Promedio por día de agenda | E24: =AVERAGE(E12:E17) | F24: =E24/$C$4
C25: Promedio por día en LA (sin Disney) | E25: =AVERAGE(E12,E13,E14,E16) | F25: =E25/$C$4
B27: Precios de UberXL estimados con los promedios que publica Uber para LA; los tramos con "Falta dirección" son provisorios (13 km aprox.). Sin propina.

Sheet Viajes
A1: Fecha | B1: Día | C1: Desde | D1: Hasta | E1: Cómo | F1: Pedir Uber | G1: Salen | H1: Llegan | I1: Actividad | J1: Empieza | K1: km | L1: Minutos | M1: Estimado USD | N1: Con colchón USD | O1: Precio real USD | P1: A usar USD | Q1: Por persona USD | R1: Aviso
A2: 46318 | B2: Viernes · Llegada | C2: LAX · Aeropuerto | D2: Casa · Airbnb | E2: UberXXL | F2: 0.625 | G2: 0.62986111 | H2: 0.66458333 | I2: Vuelta | K2: 21.9 | L2: 50 | M2: 100.87 | N2: =IF(LEFT(E2,4)="Uber",M2*(1+Resumen!$C$5),0) | P2: =IF(O2<>"",O2,N2) | Q2: =P2/Resumen!$C$4
A3: 46321 | B3: Lunes · Día 1 | C3: Casa · Airbnb | D3: Warner Bros. Studio Tour | E3: UberXL | F3: 0.35972222 | G3: 0.36458333 | H3: 0.38194444 | I3: Warner Bros Studio Tour VIP | J3: 0.39583333 | K3: 9.2 | L3: 25 | M3: 43.46 | N3: =IF(LEFT(E3,4)="Uber",M3*(1+Resumen!$C$5),0) | P3: =IF(O3<>"",O3,N3) | Q3: =P3/Resumen!$C$4
A4: 46321 | B4: Lunes · Día 1 | C4: Warner Bros. Studio Tour | D4: Grammy Museum | E4: UberXL | F4: 0.57916667 | G4: 0.58402778 | H4: 0.61111111 | I4: Grammy Museum | J4: 0.625 | K4: 21 | L4: 39 | M4: 71.32 | N4: =IF(LEFT(E4,4)="Uber",M4*(1+Resumen!$C$5),0) | P4: =IF(O4<>"",O4,N4) | Q4: =P4/Resumen!$C$4
A5: 46321 | B5: Lunes · Día 1 | C5: Grammy Museum | D5: Chinatown · Central Plaza | E5: Con el grupo | G5: 0.67847222 | H5: 0.6875 | I5: Recorrido Chinatown | J5: 0.6875 | K5: 4 | L5: 13 | M5: 0 | N5: =IF(LEFT(E5,4)="Uber",M5*(1+Resumen!$C$5),0) | P5: =IF(O5<>"",O5,N5) | Q5: =P5/Resumen!$C$4
A6: 46321 | B6: Lunes · Día 1 | C6: Chinatown · Central Plaza | D6: AMDA College | E6: UberXL | F6: 0.71041667 | G6: 0.71527778 | H6: 0.73611111 | I6: Visit to AMDA University + Workshop | J6: 0.75 | K6: 10.5 | L6: 30 | M6: 49.19 | N6: =IF(LEFT(E6,4)="Uber",M6*(1+Resumen!$C$5),0) | P6: =IF(O6<>"",O6,N6) | Q6: =P6/Resumen!$C$4
A7: 46321 | B7: Lunes · Día 1 | C7: AMDA College | D7: Casa · Airbnb | E7: UberXL | F7: 0.85416667 | G7: 0.85902778 | H7: 0.86458333 | I7: Vuelta | K7: 2.2 | L7: 8 | M7: 24 | N7: =IF(LEFT(E7,4)="Uber",M7*(1+Resumen!$C$5),0) | P7: =IF(O7<>"",O7,N7) | Q7: =P7/Resumen!$C$4
A8: 46322 | B8: Martes · Día 2 | C8: Casa · Airbnb | D8: Dolby Theatre · Walk of Fame | E8: UberXL | F8: 0.34722222 | G8: 0.35208333 | H8: 0.36111111 | I8: Walk of Fame + Dolby Theatre Studio Tour | J8: 0.375 | K8: 3.4 | L8: 13 | M8: 25.45 | N8: =IF(LEFT(E8,4)="Uber",M8*(1+Resumen!$C$5),0) | P8: =IF(O8<>"",O8,N8) | Q8: =P8/Resumen!$C$4
A9: 46322 | B9: Martes · Día 2 | C9: Dolby Theatre · Walk of Fame | D9: A confirmar | E9: UberXL | F9: 0.54444444 | G9: 0.54930556 | H9: 0.56944444 | I9: Workshop con especialista de la industria | J9: 0.58333333 | K9: 12.9 | L9: 29 | M9: 51.83 | N9: =IF(LEFT(E9,4)="Uber",M9*(1+Resumen!$C$5),0) | P9: =IF(O9<>"",O9,N9) | Q9: =P9/Resumen!$C$4 | R9: Falta dirección
A10: 46322 | B10: Martes · Día 2 | C10: A confirmar | D10: Hollywood Pantages | E10: UberXL | F10: 0.76875 | G10: 0.77361111 | H10: 0.79861111 | I10: Broadway on tour · The Who's Tommy | J10: 0.8125 | K10: 12.9 | L10: 36 | M10: 57.88 | N10: =IF(LEFT(E10,4)="Uber",M10*(1+Resumen!$C$5),0) | P10: =IF(O10<>"",O10,N10) | Q10: =P10/Resumen!$C$4 | R10: Falta dirección
A11: 46322 | B11: Martes · Día 2 | C11: Hollywood Pantages | D11: Casa · Airbnb | E11: UberXL | F11: 0.92708333 | G11: 0.93194444 | H11: 0.93680556 | I11: Vuelta | K11: 1.9 | L11: 7 | M11: 24 | N11: =IF(LEFT(E11,4)="Uber",M11*(1+Resumen!$C$5),0) | P11: =IF(O11<>"",O11,N11) | Q11: =P11/Resumen!$C$4
A12: 46323 | B12: Miércoles · Día 3 | C12: Casa · Airbnb | D12: Universal Studios Hollywood | E12: UberXL | F12: 0.25972222 | G12: 0.26458333 | H12: 0.27777778 | I12: Universal Studios + Studio Tour + CityWalk | J12: 0.29166667 | K12: 8.8 | L12: 19 | M12: 38.05 | N12: =IF(LEFT(E12,4)="Uber",M12*(1+Resumen!$C$5),0) | P12: =IF(O12<>"",O12,N12) | Q12: =P12/Resumen!$C$4
A13: 46323 | B13: Miércoles · Día 3 | C13: Universal Studios Hollywood | D13: Intuit Dome · Clippers | E13: UberXL | F13: 0.70833333 | G13: 0.71319444 | H13: 0.75694444 | I13: NBA · Clippers vs. Lakers | J13: 0.77083333 | K13: 35.4 | L13: 63 | M13: 114.84 | N13: =IF(LEFT(E13,4)="Uber",M13*(1+Resumen!$C$5),0) | P13: =IF(O13<>"",O13,N13) | Q13: =P13/Resumen!$C$4
A14: 46323 | B14: Miércoles · Día 3 | C14: Intuit Dome · Clippers | D14: Casa · Airbnb | E14: UberXL | F14: 0.91666667 | G14: 0.92152778 | H14: 0.94236111 | I14: Vuelta | K14: 19 | L14: 30 | M14: 61.07 | N14: =IF(LEFT(E14,4)="Uber",M14*(1+Resumen!$C$5),0) | P14: =IF(O14<>"",O14,N14) | Q14: =P14/Resumen!$C$4
A15: 46324 | B15: Jueves · Día 4 | C15: Casa · Airbnb | D15: Disneyland Resort | E15: UberXL | F15: 0.25416667 | G15: 0.25902778 | H15: 0.29861111 | I15: Technology of Disney Parks Workshop | J15: 0.3125 | K15: 52.5 | L15: 57 | M15: 129.15 | N15: =IF(LEFT(E15,4)="Uber",M15*(1+Resumen!$C$5),0) | P15: =IF(O15<>"",O15,N15) | Q15: =P15/Resumen!$C$4
A16: 46324 | B16: Jueves · Día 4 | C16: Disneyland Resort | D16: A confirmar | E16: UberXL | F16: 0.62291667 | G16: 0.62777778 | H16: 0.65277778 | I16: Workshop con especialistas de Amazon Prime y otras plataformas | J16: 0.66666667 | K16: 12.9 | L16: 36 | M16: 57.88 | N16: =IF(LEFT(E16,4)="Uber",M16*(1+Resumen!$C$5),0) | P16: =IF(O16<>"",O16,N16) | Q16: =P16/Resumen!$C$4 | R16: Falta dirección
A17: 46324 | B17: Jueves · Día 4 | C17: A confirmar | D17: A confirmar | E17: UberXL | F17: 0.78958333 | G17: 0.79444444 | H17: 0.81944444 | I17: Masterclass y posible noche libre | J17: 0.83333333 | K17: 12.9 | L17: 36 | M17: 57.88 | N17: =IF(LEFT(E17,4)="Uber",M17*(1+Resumen!$C$5),0) | P17: =IF(O17<>"",O17,N17) | Q17: =P17/Resumen!$C$4 | R17: Falta dirección
A18: 46324 | B18: Jueves · Día 4 | C18: A confirmar | D18: Casa · Airbnb | E18: UberXL | F18: 0.91666667 | G18: 0.92152778 | H18: 0.93819444 | I18: Vuelta | K18: 12.9 | L18: 24 | M18: 47.51 | N18: =IF(LEFT(E18,4)="Uber",M18*(1+Resumen!$C$5),0) | P18: =IF(O18<>"",O18,N18) | Q18: =P18/Resumen!$C$4 | R18: Falta dirección
A19: 46325 | B19: Viernes · Día 5 | C19: Casa · Airbnb | D19: Paramount Pictures | E19: A pie | G19: 0.34375 | H19: 0.35069444 | I19: Paramount Studios VIP Tour | J19: 0.35416667 | K19: 0.7 | L19: 10 | M19: 0 | N19: =IF(LEFT(E19,4)="Uber",M19*(1+Resumen!$C$5),0) | P19: =IF(O19<>"",O19,N19) | Q19: =P19/Resumen!$C$4
A20: 46325 | B20: Viernes · Día 5 | C20: Paramount Pictures | D20: Sony Pictures Studios | E20: UberXL | F20: 0.58611111 | G20: 0.59097222 | H20: 0.61111111 | I20: Sony Studio Tour | J20: 0.625 | K20: 12.9 | L20: 29 | M20: 51.87 | N20: =IF(LEFT(E20,4)="Uber",M20*(1+Resumen!$C$5),0) | P20: =IF(O20<>"",O20,N20) | Q20: =P20/Resumen!$C$4
A21: 46325 | B21: Viernes · Día 5 | C21: Sony Pictures Studios | D21: A confirmar | E21: UberXL | F21: 0.81666667 | G21: 0.82152778 | H21: 0.84027778 | I21: Cena grupal | J21: 0.85416667 | K21: 12.9 | L21: 27 | M21: 50.1 | N21: =IF(LEFT(E21,4)="Uber",M21*(1+Resumen!$C$5),0) | P21: =IF(O21<>"",O21,N21) | Q21: =P21/Resumen!$C$4 | R21: Falta dirección
A22: 46325 | B22: Viernes · Día 5 | C22: A confirmar | D22: Casa · Airbnb | E22: UberXL | F22: 0.9375 | G22: 0.94236111 | H22: 0.95902778 | I22: Vuelta | K22: 12.9 | L22: 24 | M22: 47.51 | N22: =IF(LEFT(E22,4)="Uber",M22*(1+Resumen!$C$5),0) | P22: =IF(O22<>"",O22,N22) | Q22: =P22/Resumen!$C$4 | R22: Falta dirección
A23: 46326 | B23: Sábado · Día 6 | C23: Casa · Airbnb | D23: Disneyland Resort | E23: UberXL | F23: 0.25833333 | G23: 0.26319444 | H23: 0.29861111 | I23: Immersive Storytelling Disney Workshop | J23: 0.3125 | K23: 52.5 | L23: 51 | M23: 123.28 | N23: =IF(LEFT(E23,4)="Uber",M23*(1+Resumen!$C$5),0) | P23: =IF(O23<>"",O23,N23) | Q23: =P23/Resumen!$C$4
A24: 46326 | B24: Sábado · Día 6 | C24: Disneyland Resort | D24: Downtown Disney | E24: A pie | G24: 0.875 | H24: 0.88055556 | I24: Downtown Disney | J24: 0.88055556 | K24: 0.6 | L24: 8 | M24: 0 | N24: =IF(LEFT(E24,4)="Uber",M24*(1+Resumen!$C$5),0) | P24: =IF(O24<>"",O24,N24) | Q24: =P24/Resumen!$C$4
A25: 46326 | B25: Sábado · Día 6 | C25: Downtown Disney | D25: Casa · Airbnb | E25: UberXL | F25: 0.94305556 | G25: 0.94791667 | H25: 0.98819444 | I25: Vuelta | K25: 52.2 | L25: 58 | M25: 129.03 | N25: =IF(LEFT(E25,4)="Uber",M25*(1+Resumen!$C$5),0) | P25: =IF(O25<>"",O25,N25) | Q25: =P25/Resumen!$C$4
A26: 46331 | B26: Jueves · Vuelta | C26: Casa · Airbnb | D26: LAX · Aeropuerto | E26: UberXXL | F26: 0.45347222 | G26: 0.45833333 | H26: 0.48611111 | I26: Llegar a LAX (3 h antes del vuelo) | J26: 0.5 | K26: 21.9 | L26: 40 | M26: 90.81 | N26: =IF(LEFT(E26,4)="Uber",M26*(1+Resumen!$C$5),0) | P26: =IF(O26<>"",O26,N26) | Q26: =P26/Resumen!$C$4
